# Host: 127.0.0.1  (Version: 5.6.17)
# Date: 2015-03-12 18:51:01
# Generator: MySQL-Front 5.3  (Build 4.156)

/*!40101 SET NAMES utf8 */;

#
# Data for table "actividad_economica"
#

INSERT INTO `actividad_economica` (`id`,`nombre`,`estado`) VALUES (1,'Mecánico','ACTIVO'),(2,'Panadero','ACTIVO'),(3,'Comerciante','ACTIVO'),(4,'Costurera','ACTIVO');

#
# Data for table "ahorro"
#

-- INSERT INTO `ahorro` (`id`,`socio_id`,`cantidad`,`fecha`,`estado`,`tipo`,`saldo_contra`,`saldo_favor`) VALUES (1,1001,10.00,'2015-07-15 00:00:00','PAGADO','OBLIGATORIO',0.00,10.00),(2,1001,10.00,'2015-04-01 00:00:00','PAGADO','OBLIGATORIO',0.00,10.00),(3,1001,10.00,'2015-08-01 00:00:00','PAGADO','OBLIGATORIO',0.00,10.00),(4,1001,10.00,'2015-09-01 00:00:00','PAGADO','OBLIGATORIO',0.00,10.00),(5,1001,10.00,'2015-10-01 00:00:00','PAGADO','OBLIGATORIO',0.00,10.00),(6,1001,10.00,'2015-11-01 00:00:00','PAGADO','OBLIGATORIO',0.00,10.00),(7,1001,10.00,'2015-12-01 00:00:00','PAGADO','OBLIGATORIO',0.00,10.00),(8,1001,10.00,'2016-01-01 00:00:00','PAGADO','OBLIGATORIO',0.00,10.00),(9,1001,10.00,'2016-02-01 00:00:00','PAGADO','OBLIGATORIO',0.00,10.00),(10,1001,10.00,'2016-03-01 00:00:00','PAGADO','OBLIGATORIO',0.00,10.00),(11,1001,10.00,'2016-04-01 00:00:00','PAGADO','OBLIGATORIO',0.00,10.00),(12,1001,10.00,'2016-05-01 00:00:00','DEUDA','OBLIGATORIO',5.00,5.00),(13,1002,10.00,'2015-04-01 00:00:00','PAGADO','OBLIGATORIO',0.00,10.00),(14,1002,10.00,'2015-05-01 00:00:00','PAGADO','OBLIGATORIO',0.00,10.00),(15,1002,10.00,'2015-06-01 00:00:00','PAGADO','OBLIGATORIO',0.00,10.00);

#
# Data for table "ahorro_deposito"
#

# INSERT INTO `ahorro_deposito` (`id`,`cantidad`,`entidad_bancaria_id`,`cod_comprobante_entidad`,`fecha_comprobante_entidad`,`sucursal_comprobante_id`,`cod_comprobante_su`,`fecha_comprobante_su`,`usuario_creacion_id`,`socio_id`) VALUES (1,15.00,1,'11234567890','2015-03-10 00:00:00',1,'150311222229','2015-03-11 16:22:29',1,1001),(2,100.00,1,'1234567890','2015-03-09 00:00:00',1,'150311222622','2015-03-11 16:26:22',1,1001),(3,30.00,1,'1234567890','2015-03-10 00:00:00',1,'150311222738','2015-03-11 16:27:38',1,1002);

#
# Data for table "ahorro_detalle"
#

# INSERT INTO `ahorro_detalle` (`id`,`cantidad`,`fecha`,`usuario_creacion`,`ahorro_id`) VALUES (1,10.00,'2015-03-11','1',2),(2,5.00,'2015-03-11','1',1),(3,5.00,'2015-03-11','1',1),(4,10.00,'2015-03-11','1',3),(5,10.00,'2015-03-11','1',4),(6,10.00,'2015-03-11','1',5),(7,10.00,'2015-03-11','1',6),(8,10.00,'2015-03-11','1',7),(9,10.00,'2015-03-11','1',8),(10,10.00,'2015-03-11','1',9),(11,10.00,'2015-03-11','1',10),(12,10.00,'2015-03-11','1',11),(13,5.00,'2015-03-11','1',12),(14,10.00,'2015-03-11','1',13),(15,10.00,'2015-03-11','1',14),(16,10.00,'2015-03-11','1',15);

#
# Data for table "ahorro_retiro"
#


#
# Data for table "credito"
#

# INSERT INTO `credito` (`id`,`socio_id`,`garante_id`,`sucursal_id`,`fecha_credito`,`fecha_limite`,`cantidad_total`,`total_pagar`,`interes`,`total_interes`,`estado`,`periodos`,`saldo_contra`,`saldo_favor`,`anulado`,`usuario_creacion_id`,`numero_cheque`) VALUES (1,1002,1003,3,'2015-03-11 00:00:00','2016-03-11 00:00:00',1200.00,1232.75,5.00,32.75,'DEUDA',12,1032.75,200.00,'NO',1,'11234567890'),(2,1003,1004,3,'2015-03-12 00:00:00','2016-03-12 00:00:00',300.00,308.19,5.00,8.19,'PAGADO',12,0.00,308.19,'NO',1,'123455');

#
# Data for table "credito_amortizacion"
#

# INSERT INTO `credito_amortizacion` (`id`,`nro_cuota`,`fecha_pago`,`cuota`,`interes`,`amortizacion`,`mora`,`estado`,`saldo_contra`,`saldo_favor`,`credito_id`) VALUES (1,1,'2015-04-11',102.73,5.00,97.73,NULL,'PAGADO',0.00,102.73,1),(2,2,'2015-05-11',102.73,4.59,98.14,NULL,'DEUDA',5.46,97.27,1),(3,3,'2015-06-11',102.73,4.18,98.55,NULL,'DEUDA',102.73,0.00,1),(4,4,'2015-07-11',102.73,3.77,98.96,NULL,'DEUDA',102.73,0.00,1),(5,5,'2015-08-11',102.73,3.36,99.37,NULL,'DEUDA',102.73,0.00,1),(6,6,'2015-09-11',102.73,2.95,99.78,NULL,'DEUDA',102.73,0.00,1),(7,7,'2015-10-11',102.73,2.53,100.20,NULL,'DEUDA',102.73,0.00,1),(8,8,'2015-11-11',102.73,2.11,100.62,NULL,'DEUDA',102.73,0.00,1),(9,9,'2015-12-11',102.73,1.69,101.03,NULL,'DEUDA',102.73,0.00,1),(10,10,'2016-01-11',102.73,1.27,101.46,NULL,'DEUDA',102.73,0.00,1),(11,11,'2016-02-11',102.73,0.85,101.88,NULL,'DEUDA',102.73,0.00,1),(12,12,'2016-03-11',102.73,0.43,102.30,NULL,'DEUDA',102.73,0.00,1),(13,1,'2015-04-12',25.68,1.25,24.43,NULL,'PAGADO',0.00,25.68,2),(14,2,'2015-05-12',25.68,1.15,24.53,NULL,'PAGADO',0.00,25.68,2),(15,3,'2015-06-12',25.68,1.05,24.64,NULL,'PAGADO',0.00,25.68,2),(16,4,'2015-07-12',25.68,0.94,24.74,NULL,'PAGADO',0.00,25.68,2),(17,5,'2015-08-12',25.68,0.84,24.84,NULL,'PAGADO',0.00,25.68,2),(18,6,'2015-09-12',25.68,0.74,24.95,NULL,'PAGADO',0.00,25.68,2),(19,7,'2015-10-12',25.68,0.63,25.05,NULL,'PAGADO',0.00,25.68,2),(20,8,'2015-11-12',25.68,0.53,25.15,NULL,'PAGADO',0.00,25.68,2),(21,9,'2015-12-12',25.68,0.42,25.26,NULL,'PAGADO',0.00,25.68,2),(22,10,'2016-01-12',25.68,0.32,25.36,NULL,'PAGADO',0.00,25.68,2),(23,11,'2016-02-12',25.68,0.21,25.47,NULL,'PAGADO',0.00,25.68,2),(24,12,'2016-03-12',25.68,0.11,25.58,NULL,'PAGADO',0.00,25.68,2);

#
# Data for table "credito_deposito"
#

# INSERT INTO `credito_deposito` (`id`,`cantidad`,`entidad_bancaria_id`,`cod_comprobante_entidad`,`fecha_comprobante_entidad`,`sucursal_comprobante_id`,`cod_comprobante_su`,`fecha_comprobante_su`,`observaciones`,`credito_id`,`usuario_creacion_id`) VALUES (1,200.00,1,'1234','2015-03-10 00:00:00',1,'1503112259161002','2015-03-11 16:59:16',NULL,1,1),(2,400.00,1,'1233','2015-03-11 00:00:00',1,'1503112306551003','2015-03-11 17:06:56',NULL,2,1);

#
# Data for table "credito_devolucion"
#

# INSERT INTO `credito_devolucion` (`id`,`cantidad`,`estado`,`usuario_devolucion_id`,`fecha_devolucion`,`credito_deposito_id`) VALUES (1,91.81,'NO DEVUELTO',NULL,NULL,2);

#
# Data for table "cruge_authitem"
#

INSERT INTO `cruge_authitem` (`name`,`type`,`description`,`bizrule`,`data`) VALUES ('action_actividadEconomica_admin',0,'',NULL,'N;'),('action_actividadEconomica_ajaxGetActividadesEconomicas',0,'',NULL,'N;'),('action_actividadEconomica_create',0,'',NULL,'N;'),('action_ahorroDeposito_create',0,'',NULL,'N;'),('action_ahorroDeposito_createDepositoAhorro',0,'',NULL,'N;'),('action_ahorroRetiro_admin',0,'',NULL,'N;'),('action_ahorroRetiro_ajaxInfoSocio',0,'',NULL,'N;'),('action_ahorroRetiro_create',0,'',NULL,'N;'),('action_ahorro_admin',0,'',NULL,'N;'),('action_ahorro_ajaxCreate',0,'',NULL,'N;'),('action_ahorro_ajaxCreateAhorroVoluntario',0,'',NULL,'N;'),('action_ahorro_create',0,'',NULL,'N;'),('action_ahorro_exportarAhorro',0,'',NULL,'N;'),('action_ahorro_view',0,'',NULL,'N;'),('action_barrio_admin',0,'',NULL,'N;'),('action_barrio_ajaxGetBarrioByParroquia',0,'',NULL,'N;'),('action_canton_admin',0,'',NULL,'N;'),('action_canton_ajaxGetCantonByProvincia',0,'',NULL,'N;'),('action_canton_ajaxlistCantones',0,'',NULL,'N;'),('action_canton_create',0,'',NULL,'N;'),('action_creditoDeposito_create',0,'',NULL,'N;'),('action_creditoDevolucion_admin',0,'',NULL,'N;'),('action_creditoDevolucion_devolucion',0,'',NULL,'N;'),('action_creditoEtapa_admin',0,'',NULL,'N;'),('action_credito_admin',0,'',NULL,'N;'),('action_credito_ajaxlistCreditos',0,'',NULL,'N;'),('action_credito_create',0,'',NULL,'N;'),('action_credito_exportarCredito',0,'',NULL,'N;'),('action_credito_view',0,'',NULL,'N;'),('action_dashboard_index',0,'',NULL,'N;'),('action_entidadBancaria_admin',0,'',NULL,'N;'),('action_entidadBancaria_create',0,'',NULL,'N;'),('action_entidadBancaria_update',0,'',NULL,'N;'),('action_parroquia_admin',0,'',NULL,'N;'),('action_parroquia_ajaxGetParroquiaByCanton',0,'',NULL,'N;'),('action_parroquia_create',0,'',NULL,'N;'),('action_personaEtapa_admin',0,'',NULL,'N;'),('action_personaEtapa_create',0,'',NULL,'N;'),('action_persona_admin',0,'',NULL,'N;'),('action_persona_ajaxGetGarantes',0,'',NULL,'N;'),('action_persona_ajaxlistSocios',0,'',NULL,'N;'),('action_persona_ajaxUpdateEtapa',0,'',NULL,'N;'),('action_persona_create',0,'',NULL,'N;'),('action_persona_exportarSocio',0,'',NULL,'N;'),('action_persona_kanban',0,'',NULL,'N;'),('action_persona_update',0,'',NULL,'N;'),('action_persona_view',0,'',NULL,'N;'),('action_provincia_admin',0,'',NULL,'N;'),('action_sucursal_admin',0,'',NULL,'N;'),('action_sucursal_ajaxlistSucursales',0,'',NULL,'N;'),('action_sucursal_create',0,'',NULL,'N;'),('action_sucursal_update',0,'',NULL,'N;'),('action_ui_editprofile',0,'',NULL,'N;'),('action_ui_usermanagementadmin',0,'',NULL,'N;'),('action_ui_usermanagementcreate',0,'',NULL,'N;'),('action_ui_usermanagementupdate',0,'',NULL,'N;'),('admin',0,'',NULL,'N;'),('Cruge.ui.*',0,'',NULL,'N;'),('edit-advanced-profile-features',0,'C:\\wamp\\www\\mcrmira\\protected\\modules\\cruge\\views\\ui\\usermanagementupdate.php linea 105',NULL,'N;');

#
# Data for table "cruge_authitemchild"
#


#
# Data for table "cruge_field"
#


#
# Data for table "cruge_session"
#

# INSERT INTO `cruge_session` (`idsession`,`iduser`,`created`,`expire`,`status`,`ipaddress`,`usagecount`,`lastusage`,`logoutdate`,`ipaddressout`) VALUES (5,1,1425936774,1425984774,1,'::1',2,1425939780,NULL,NULL),(6,1,1426107438,1426155438,1,'::1',1,1426107438,NULL,NULL),(7,1,1426196607,1426244607,1,'::1',1,1426196607,NULL,NULL);

#
# Data for table "cruge_system"
#

INSERT INTO `cruge_system` (`idsystem`,`name`,`largename`,`sessionmaxdurationmins`,`sessionmaxsameipconnections`,`sessionreusesessions`,`sessionmaxsessionsperday`,`sessionmaxsessionsperuser`,`systemnonewsessions`,`systemdown`,`registerusingcaptcha`,`registerusingterms`,`terms`,`registerusingactivation`,`defaultroleforregistration`,`registerusingtermslabel`,`registrationonlogin`) VALUES (1,'default',NULL,800,10,1,-1,-1,0,0,0,0,NULL,0,'','',1);

#
# Data for table "cruge_user"
#

INSERT INTO `cruge_user` (`iduser`,`regdate`,`actdate`,`logondate`,`username`,`email`,`password`,`authkey`,`state`,`totalsessioncounter`,`currentsessioncounter`) VALUES (1,NULL,NULL,1426196607,'admin','armand1live@gmail.com','admin','admin',1,0,0);

#
# Data for table "cruge_fieldvalue"
#


#
# Data for table "cruge_authassignment"
#


#
# Data for table "cruge_user_sucursal"
#

INSERT INTO `cruge_user_sucursal` (`cruge_id`,`sucursal_id`) VALUES (1,1);

#
# Data for table "persona_etapa"
#

# INSERT INTO `persona_etapa` (`id`,`nombre`,`peso`,`estado`) VALUES (1,'Oficio dirigido al Presidente de la Asociación',1,'ACTIVO'),(2,'En Aprobación',2,'ACTIVO'),(3,'Pago de cuota de ingreso',3,'ACTIVO');

#
# Data for table "provincia"
#

INSERT INTO `provincia` (`id`,`nombre`) VALUES (1,'Imbabura'),(2,'Carchi');

#
# Data for table "canton"
#

INSERT INTO `canton` (`id`,`nombre`,`provincia_id`) VALUES (1,'Antonio Ante',1),(2,'Cotacachi',1),(3,'Otavalo',1),(4,'Ibarra',1),(5,'Pimampiro',1),(6,'San Miguel de Urcuquí',1),(7,'Bolívar',2),(8,'Espejo',2),(9,'Mira',2),(10,'Montúfar',2),(11,'San Pedro de Huaca',2),(12,'Tulcán',2);

#
# Data for table "parroquia"
#

INSERT INTO `parroquia` (`id`,`nombre`,`canton_id`) VALUES (1,'Atuntaqui',1),(2,'Imbaya',1),(3,'Natabuela',1),(4,'Chaltura',1),(5,'San Roque',1),(6,'Andrade Marín',1),(7,'Alpachaca',4),(8,'La Esperanza',4),(9,'Caranqui',4),(10,'Chugá',5),(11,'Mariano Acosta',5),(12,'San Francisco de Sigsipamba',5),(13,'Eugenio Espejo',3),(14,'González Suárez',3),(15,'Miguel Egas Cabezas',3),(16,'Mira',9),(18,'El Angel',8),(20,' 27 de Septiembre',8),(22,'La Libertad',8),(24,'San Isidro',8),(26,'El Goaltal',8),(27,'Bolívar ',7),(29,' García Moreno',7),(31,' Los Andes',7),(33,'Monteolivo',7),(35,'San Rafael',7),(38,'San Vicente de Pusir',7),(39,'San Miguel de Urcuquí',6),(41,'Pablo Arenas',6),(43,'Cahuasqui',6),(45,'Buenos Aires',6),(47,'San Blas',6),(49,'Tumbabiro',6),(50,'Pimampiro',5);

#
# Data for table "barrio"
#


#
# Data for table "direccion"
#

INSERT INTO `direccion` (`id`,`calle_1`,`calle_2`,`numero`,`referencia`,`tipo`,`barrio_id`,`parroquia_id`) VALUES (1,NULL,NULL,NULL,NULL,'S',NULL,16),(2,NULL,NULL,NULL,NULL,'S',NULL,18),(3,NULL,NULL,NULL,NULL,'S',NULL,27),(4,NULL,NULL,NULL,NULL,'S',NULL,39),(5,NULL,NULL,NULL,NULL,'E',NULL,18),(6,NULL,NULL,NULL,NULL,'E',NULL,39),(7,NULL,NULL,NULL,NULL,'S',NULL,10),(8,'','','','','C',NULL,50);

#
# Data for table "entidad_bancaria"
#

INSERT INTO `entidad_bancaria` (`id`,`nombre`,`direccion_id`,`estado`,`num_cuenta`,`tipo_cuenta`) VALUES (1,'FOMENTO',5,'ACTIVO','0400065633','CORRIENTE'),(2,'Coop. Artesanos',6,'ACTIVO','11303265','AHORRO');

#
# Data for table "sucursal"
#

INSERT INTO `sucursal` (`id`,`nombre`,`direccion_id`,`estado`,`valor_inscripcion`,`valor_ahorro`) VALUES (1,'MIRA',1,'ACTIVO',70,10),(2,'ESPEJO',2,'ACTIVO',20,10),(3,'BOLIVAR',3,'ACTIVO',70,10),(4,'URCUQUI',4,'ACTIVO',20,10),(5,'PIMAMPIRO',7,'ACTIVO',20,10);

#
# Data for table "persona"
#

# INSERT INTO `persona` (`id`,`primer_nombre`,`segundo_nombre`,`apellido_paterno`,`apellido_materno`,`cedula`,`ruc`,`telefono`,`celular`,`email`,`descripcion`,`tipo`,`estado`,`fecha_creacion`,`fecha_actualizacion`,`usuario_creacion_id`,`usuario_actualizacion_id`,`aprobado`,`sucursal_id`,`persona_etapa_id`,`direccion_domicilio_id`,`direccion_negocio_id`,`sexo`,`fecha_nacimiento`,`carga_familiar`,`discapacidad`,`estado_civil`,`actividad_economica_id`) VALUES (1001,'Hilda','Marina','Churta','Chilama','1709426512',NULL,NULL,NULL,NULL,NULL,NULL,'ACTIVO','2015-03-09 16:56:14',NULL,1,NULL,0,3,NULL,NULL,NULL,NULL,NULL,NULL,NULL,NULL,NULL),(1002,'Fabiola','Edilma','Aguilar  ','Revelo','0400200432',NULL,NULL,NULL,NULL,NULL,NULL,'ACTIVO','2015-03-09 16:56:14',NULL,1,NULL,0,3,NULL,NULL,NULL,NULL,NULL,NULL,NULL,NULL,NULL),(1003,'Jarmita','Fausto','Alban   Hilda','Bernal','0400911996',NULL,NULL,NULL,NULL,NULL,NULL,'ACTIVO','2015-03-09 16:56:14',NULL,1,NULL,0,3,NULL,NULL,NULL,NULL,NULL,NULL,NULL,NULL,NULL),(1004,'Fausto','Enrique','Albán ','García ','0400628947',NULL,NULL,NULL,NULL,NULL,NULL,'ACTIVO','2015-03-09 16:56:14',NULL,1,NULL,0,3,NULL,NULL,NULL,NULL,NULL,NULL,NULL,NULL,NULL),(1005,'Cristina','Elizabeth','Anaguano   ','Chacón','0401713136',NULL,NULL,NULL,NULL,NULL,NULL,'ACTIVO','2015-03-09 16:56:14',NULL,1,NULL,0,3,NULL,NULL,NULL,NULL,NULL,NULL,NULL,NULL,NULL),(1006,'Lucila','María','Andino   ','Díaz','0400105823',NULL,NULL,NULL,NULL,NULL,NULL,'ACTIVO','2015-03-09 16:56:14',NULL,1,NULL,0,3,NULL,NULL,NULL,NULL,NULL,NULL,NULL,NULL,NULL),(1007,'Esther','María','Aragón   ','Paspuel','0400775565',NULL,NULL,NULL,NULL,NULL,NULL,'ACTIVO','2015-03-09 16:56:14',NULL,1,NULL,0,3,NULL,NULL,NULL,NULL,NULL,NULL,NULL,NULL,NULL),(1008,'Irma','Delfilia','Arciniegas   ','Ramírez','0401453246',NULL,NULL,NULL,NULL,NULL,NULL,'ACTIVO','2015-03-09 16:56:14',NULL,1,NULL,0,3,NULL,NULL,NULL,NULL,NULL,NULL,NULL,NULL,NULL),(1009,'Ramiro','Rafael','Arévalo   ','Tapia','0400458212',NULL,NULL,NULL,NULL,NULL,NULL,'ACTIVO','2015-03-09 16:56:14',NULL,1,NULL,0,3,NULL,NULL,NULL,NULL,NULL,NULL,NULL,NULL,NULL),(1010,'Danilo','Guillermo','Armas   ','Gonzales','1001986247',NULL,NULL,NULL,NULL,NULL,NULL,'ACTIVO','2015-03-09 16:56:14',NULL,1,NULL,0,3,NULL,NULL,NULL,NULL,NULL,NULL,NULL,NULL,NULL),(1011,'Julio','Isabel','Armas  ',NULL,'1702524644',NULL,NULL,NULL,NULL,NULL,NULL,'ACTIVO','2015-03-09 16:56:14',NULL,1,NULL,0,3,NULL,NULL,NULL,NULL,NULL,NULL,NULL,NULL,NULL),(1012,'Elsa','Viviana','Arteaga   ','Grijalva','1001801610',NULL,NULL,NULL,NULL,NULL,NULL,'ACTIVO','2015-03-09 16:56:14',NULL,1,NULL,0,3,NULL,NULL,NULL,NULL,NULL,NULL,NULL,NULL,NULL),(1013,'Silvia','Narcisa','Ayala   ','Julio','0401062716',NULL,NULL,NULL,NULL,NULL,NULL,'ACTIVO','2015-03-09 16:56:14',NULL,1,NULL,0,3,NULL,NULL,NULL,NULL,NULL,NULL,NULL,NULL,NULL),(1014,'Narcisa','Magdalena','Báez   ','Paspuel','0400911293',NULL,NULL,NULL,NULL,NULL,NULL,'ACTIVO','2015-03-09 16:56:14',NULL,1,NULL,0,3,NULL,NULL,NULL,NULL,NULL,NULL,NULL,NULL,NULL),(1015,'María','Eloina','Báez   ','Valencia','0400280509',NULL,NULL,NULL,NULL,NULL,NULL,'ACTIVO','2015-03-09 16:56:15',NULL,1,NULL,0,3,NULL,NULL,NULL,NULL,NULL,NULL,NULL,NULL,NULL),(1016,'Mayra','Yomar','Bastidas    ','Narváes','0401370523',NULL,NULL,NULL,NULL,NULL,NULL,'ACTIVO','2015-03-09 16:56:15',NULL,1,NULL,0,3,NULL,NULL,NULL,NULL,NULL,NULL,NULL,NULL,NULL),(1017,'Noemí','Eufemia','Bastidas   ','Narváez','0400527263',NULL,NULL,NULL,NULL,NULL,NULL,'ACTIVO','2015-03-09 16:56:15',NULL,1,NULL,0,3,NULL,NULL,NULL,NULL,NULL,NULL,NULL,NULL,NULL),(1018,'Héctor','Hernán','Benalcázar   ','Andino','1709399883',NULL,NULL,NULL,NULL,NULL,NULL,'ACTIVO','2015-03-09 16:56:15',NULL,1,NULL,0,3,NULL,NULL,NULL,NULL,NULL,NULL,NULL,NULL,NULL),(1019,'Esthela','Florencia','Benalcázar   ','Cuamacas','0400886719',NULL,NULL,NULL,NULL,NULL,NULL,'ACTIVO','2015-03-09 16:56:15',NULL,1,NULL,0,3,NULL,NULL,NULL,NULL,NULL,NULL,NULL,NULL,NULL),(1020,'Alba','Lorena','Benavides   ','Yalamá','0401943196',NULL,NULL,NULL,NULL,NULL,NULL,'ACTIVO','2015-03-09 16:56:15',NULL,1,NULL,0,3,NULL,NULL,NULL,NULL,NULL,NULL,NULL,NULL,NULL),(1021,'Marcia','Genoveva','Reyes','Chandi','0400496873',NULL,NULL,NULL,NULL,NULL,NULL,'ACTIVO','2015-03-09 16:56:15',NULL,1,NULL,0,3,NULL,NULL,NULL,NULL,NULL,NULL,NULL,NULL,NULL),(1022,'María','Teresa','Bernal   ','Teca','1712325537',NULL,NULL,NULL,NULL,NULL,NULL,'ACTIVO','2015-03-09 16:56:15',NULL,1,NULL,0,3,NULL,NULL,NULL,NULL,NULL,NULL,NULL,NULL,NULL),(1023,'Rosa','Victoria','Bernal   ','Vinueza','0400907598',NULL,NULL,NULL,NULL,NULL,NULL,'ACTIVO','2015-03-09 16:56:15',NULL,1,NULL,0,3,NULL,NULL,NULL,NULL,NULL,NULL,NULL,NULL,NULL),(1024,'Norma','Cristina','Bonilla  ',NULL,'1707068332',NULL,NULL,NULL,NULL,NULL,NULL,'ACTIVO','2015-03-09 16:56:15',NULL,1,NULL,0,3,NULL,NULL,NULL,NULL,NULL,NULL,NULL,NULL,NULL),(1025,'Germania','Graciela','Bravo   ','Ramirez','0401224241',NULL,NULL,NULL,NULL,NULL,NULL,'ACTIVO','2015-03-09 16:56:15',NULL,1,NULL,0,3,NULL,NULL,NULL,NULL,NULL,NULL,NULL,NULL,NULL),(1026,'María','Félix','Calpa   ','Ortega','0400272092',NULL,NULL,NULL,NULL,NULL,NULL,'ACTIVO','2015-03-09 16:56:15',NULL,1,NULL,0,3,NULL,NULL,NULL,NULL,NULL,NULL,NULL,NULL,NULL),(1027,'María','Aurora','Campos    ','Teca','0400983789',NULL,NULL,NULL,NULL,NULL,NULL,'ACTIVO','2015-03-09 16:56:15',NULL,1,NULL,0,3,NULL,NULL,NULL,NULL,NULL,NULL,NULL,NULL,NULL),(1028,'Piedad','Lucrecia','Cárdenas   ','Fuentes','1000859924',NULL,NULL,NULL,NULL,NULL,NULL,'ACTIVO','2015-03-09 16:56:15',NULL,1,NULL,0,3,NULL,NULL,NULL,NULL,NULL,NULL,NULL,NULL,NULL),(1029,'Pablo','Artemio','Carrera  ','Mesías','0401657465',NULL,NULL,NULL,NULL,NULL,NULL,'ACTIVO','2015-03-09 16:56:15',NULL,1,NULL,0,3,NULL,NULL,NULL,NULL,NULL,NULL,NULL,NULL,NULL),(1030,'María','Lucía','Castañeda   ','Viñachi','1002295618',NULL,NULL,NULL,NULL,NULL,NULL,'ACTIVO','2015-03-09 16:56:15',NULL,1,NULL,0,3,NULL,NULL,NULL,NULL,NULL,NULL,NULL,NULL,NULL),(1031,'Joselito','Armando','Castillo  ','Saa','1001803228',NULL,NULL,NULL,NULL,NULL,NULL,'ACTIVO','2015-03-09 16:56:15',NULL,1,NULL,0,3,NULL,NULL,NULL,NULL,NULL,NULL,NULL,NULL,NULL),(1032,'Gloria Del Pilar',NULL,'Castro   ','Ibujes','0400780359',NULL,NULL,NULL,NULL,NULL,NULL,'ACTIVO','2015-03-09 16:56:15',NULL,1,NULL,0,3,NULL,NULL,NULL,NULL,NULL,NULL,NULL,NULL,NULL),(1033,'Rosa','Angelita','Castro   ','Tamayo','0400210084',NULL,NULL,NULL,NULL,NULL,NULL,'ACTIVO','2015-03-09 16:56:15',NULL,1,NULL,0,3,NULL,NULL,NULL,NULL,NULL,NULL,NULL,NULL,NULL),(1034,'Ana','Luisa','Cazares   ','Arciniega','0400390209',NULL,NULL,NULL,NULL,NULL,NULL,'ACTIVO','2015-03-09 16:56:15',NULL,1,NULL,0,3,NULL,NULL,NULL,NULL,NULL,NULL,NULL,NULL,NULL),(1035,'Nolan','Marcelo','Chacón   ','Chacón','0401088406',NULL,NULL,NULL,NULL,NULL,NULL,'ACTIVO','2015-03-09 16:56:15',NULL,1,NULL,0,3,NULL,NULL,NULL,NULL,NULL,NULL,NULL,NULL,NULL),(1036,'Sandra','Esther','Chalacán  ','Cárdenas','1716926355',NULL,NULL,NULL,NULL,NULL,NULL,'ACTIVO','2015-03-09 16:56:15',NULL,1,NULL,0,3,NULL,NULL,NULL,NULL,NULL,NULL,NULL,NULL,NULL),(1037,'Rosalba',NULL,'Chalparizán  ','Hernández','1001920311',NULL,NULL,NULL,NULL,NULL,NULL,'ACTIVO','2015-03-09 16:56:15',NULL,1,NULL,0,3,NULL,NULL,NULL,NULL,NULL,NULL,NULL,NULL,NULL),(1038,'Edgar','Fernando','Chamorro   ','Benalcázar','1002130167',NULL,NULL,NULL,NULL,NULL,NULL,'ACTIVO','2015-03-09 16:56:15',NULL,1,NULL,0,3,NULL,NULL,NULL,NULL,NULL,NULL,NULL,NULL,NULL),(1039,'Ana','María','Chamorro  ','Cadena','0400124913',NULL,NULL,NULL,NULL,NULL,NULL,'ACTIVO','2015-03-09 16:56:15',NULL,1,NULL,0,3,NULL,NULL,NULL,NULL,NULL,NULL,NULL,NULL,NULL),(1040,'Lola','Lucrecia','Chamorro   ','Guerrero','1710717974',NULL,NULL,NULL,NULL,NULL,NULL,'ACTIVO','2015-03-09 16:56:15',NULL,1,NULL,0,3,NULL,NULL,NULL,NULL,NULL,NULL,NULL,NULL,NULL),(1041,'Lilian','Maritza','Chandi   ','Valenzuela','0400938098',NULL,NULL,NULL,NULL,NULL,NULL,'ACTIVO','2015-03-09 16:56:15',NULL,1,NULL,0,3,NULL,NULL,NULL,NULL,NULL,NULL,NULL,NULL,NULL),(1042,'Margarita','Elena','Chavez   ','Ortega','0401099031',NULL,NULL,NULL,NULL,NULL,NULL,'ACTIVO','2015-03-09 16:56:15',NULL,1,NULL,0,3,NULL,NULL,NULL,NULL,NULL,NULL,NULL,NULL,NULL),(1043,'Lilian','Susana','Chiles   ','Villarreal','1003511365',NULL,NULL,NULL,NULL,NULL,NULL,'ACTIVO','2015-03-09 16:56:15',NULL,1,NULL,0,3,NULL,NULL,NULL,NULL,NULL,NULL,NULL,NULL,NULL),(1044,'Narcisa','Del Pilar','Chiles   ','Villarreal','1002152260',NULL,NULL,NULL,NULL,NULL,NULL,'ACTIVO','2015-03-09 16:56:15',NULL,1,NULL,0,3,NULL,NULL,NULL,NULL,NULL,NULL,NULL,NULL,NULL),(1045,'Nancy','Maribel','Chiluiza ',' Guallichico ','1803919644',NULL,NULL,NULL,NULL,NULL,NULL,'ACTIVO','2015-03-09 16:56:15',NULL,1,NULL,0,3,NULL,NULL,NULL,NULL,NULL,NULL,NULL,NULL,NULL),(1046,'Gissela','Mireya','Coque   ','Bravo','1723510374',NULL,NULL,NULL,NULL,NULL,NULL,'ACTIVO','2015-03-09 16:56:15',NULL,1,NULL,0,3,NULL,NULL,NULL,NULL,NULL,NULL,NULL,NULL,NULL),(1047,'María','Espirto','Coral    ','Martínez','0400467460',NULL,NULL,NULL,NULL,NULL,NULL,'ACTIVO','2015-03-09 16:56:15',NULL,1,NULL,0,3,NULL,NULL,NULL,NULL,NULL,NULL,NULL,NULL,NULL),(1048,'María','Narcisa','Cortéz   ','Burbano','1713845525',NULL,NULL,NULL,NULL,NULL,NULL,'ACTIVO','2015-03-09 16:56:15',NULL,1,NULL,0,3,NULL,NULL,NULL,NULL,NULL,NULL,NULL,NULL,NULL),(1049,'Suliana','Maribel','Cuamacás   ','Chafuelan','0401552666',NULL,NULL,NULL,NULL,NULL,NULL,'ACTIVO','2015-03-09 16:56:15',NULL,1,NULL,0,3,NULL,NULL,NULL,NULL,NULL,NULL,NULL,NULL,NULL),(1050,'Sandra','Viviana','Cuásquer   ','Narváez','0401464854',NULL,NULL,NULL,NULL,NULL,NULL,'ACTIVO','2015-03-09 16:56:15',NULL,1,NULL,0,3,NULL,NULL,NULL,NULL,NULL,NULL,NULL,NULL,NULL),(1051,'Cosolación','María','Cuasquer   ','Ruano','1705543328',NULL,NULL,NULL,NULL,NULL,NULL,'ACTIVO','2015-03-09 16:56:15',NULL,1,NULL,0,3,NULL,NULL,NULL,NULL,NULL,NULL,NULL,NULL,NULL),(1052,'María','Guillermina','Cunguán   ','Chicaiza','0400397394',NULL,NULL,NULL,NULL,NULL,NULL,'ACTIVO','2015-03-09 16:56:15',NULL,1,NULL,0,3,NULL,NULL,NULL,NULL,NULL,NULL,NULL,NULL,NULL),(1053,'Germania','Beatriz','Díaz   ','Chamorro','0400748919',NULL,NULL,NULL,NULL,NULL,NULL,'ACTIVO','2015-03-09 16:56:15',NULL,1,NULL,0,3,NULL,NULL,NULL,NULL,NULL,NULL,NULL,NULL,NULL),(1054,'Hilda','Teresa','Díaz   ','Quelal','1703333227',NULL,NULL,NULL,NULL,NULL,NULL,'ACTIVO','2015-03-09 16:56:15',NULL,1,NULL,0,3,NULL,NULL,NULL,NULL,NULL,NULL,NULL,NULL,NULL),(1055,'Graciela','Guadalupe','Duarte   ','Peralta','0400998084',NULL,NULL,NULL,NULL,NULL,NULL,'ACTIVO','2015-03-09 16:56:16',NULL,1,NULL,0,3,NULL,NULL,NULL,NULL,NULL,NULL,NULL,NULL,NULL),(1056,'Zoila ','Victoria','Duarte ',NULL,'0400370995',NULL,NULL,NULL,NULL,NULL,NULL,'ACTIVO','2015-03-09 16:56:16',NULL,1,NULL,0,3,NULL,NULL,NULL,NULL,NULL,NULL,NULL,NULL,NULL),(1057,'Martha','Lucía','Enriquez   ','Enriquez','0401243118',NULL,NULL,NULL,NULL,NULL,NULL,'ACTIVO','2015-03-09 16:56:16',NULL,1,NULL,0,3,NULL,NULL,NULL,NULL,NULL,NULL,NULL,NULL,NULL),(1058,'Diana','Alejandra','Escobar   ','Manrique','0401518998',NULL,NULL,NULL,NULL,NULL,NULL,'ACTIVO','2015-03-09 16:56:16',NULL,1,NULL,0,3,NULL,NULL,NULL,NULL,NULL,NULL,NULL,NULL,NULL),(1059,'Gimena Del Rocío',NULL,'Escobar  ','Manrique','0400898110',NULL,NULL,NULL,NULL,NULL,NULL,'ACTIVO','2015-03-09 16:56:16',NULL,1,NULL,0,3,NULL,NULL,NULL,NULL,NULL,NULL,NULL,NULL,NULL),(1060,'Mercedes','Elizabeth','Figueroa   ','Malte','0401495866',NULL,NULL,NULL,NULL,NULL,NULL,'ACTIVO','2015-03-09 16:56:16',NULL,1,NULL,0,3,NULL,NULL,NULL,NULL,NULL,NULL,NULL,NULL,NULL),(1061,'Carmen','Beatríz','Flores  ',NULL,'1000889244',NULL,NULL,NULL,NULL,NULL,'NUEVO','ACTIVO','2015-03-09 16:56:16','2015-03-11 16:14:35',1,1,0,3,NULL,8,NULL,'F','1990-01-01',1,'NO','SOLTERO',4),(1062,'Jéssica','Tatiana','Flores   ','Pupiales','1003702576',NULL,NULL,NULL,NULL,NULL,NULL,'ACTIVO','2015-03-09 16:56:16',NULL,1,NULL,0,3,NULL,NULL,NULL,NULL,NULL,NULL,NULL,NULL,NULL),(1063,'Carmen','Susana','Fuertes   ','Bonilla','0401245014',NULL,NULL,NULL,NULL,NULL,NULL,'ACTIVO','2015-03-09 16:56:16',NULL,1,NULL,0,3,NULL,NULL,NULL,NULL,NULL,NULL,NULL,NULL,NULL),(1064,'Gladis','Amparo','García   ','Ruiz','0401192695',NULL,NULL,NULL,NULL,NULL,NULL,'ACTIVO','2015-03-09 16:56:16',NULL,1,NULL,0,3,NULL,NULL,NULL,NULL,NULL,NULL,NULL,NULL,NULL),(1065,'Hernán','Marcelo','Gerrón   ','Molina','0401246566',NULL,NULL,NULL,NULL,NULL,NULL,'ACTIVO','2015-03-09 16:56:16',NULL,1,NULL,0,3,NULL,NULL,NULL,NULL,NULL,NULL,NULL,NULL,NULL),(1066,'Carmen','Ruby','Gonzáles   ','Burbano','1009383105',NULL,NULL,NULL,NULL,NULL,NULL,'ACTIVO','2015-03-09 16:56:16',NULL,1,NULL,0,3,NULL,NULL,NULL,NULL,NULL,NULL,NULL,NULL,NULL),(1067,'Oswaldo','Arturo','Hernández   ','Benavidez','1000870947',NULL,NULL,NULL,NULL,NULL,NULL,'ACTIVO','2015-03-09 16:56:16',NULL,1,NULL,0,3,NULL,NULL,NULL,NULL,NULL,NULL,NULL,NULL,NULL),(1068,'Carmen','Amelia','Hidalgo   ','Ponce','0400851861',NULL,NULL,NULL,NULL,NULL,NULL,'ACTIVO','2015-03-09 16:56:16',NULL,1,NULL,0,3,NULL,NULL,NULL,NULL,NULL,NULL,NULL,NULL,NULL),(1069,'Ximena','Maribel','Huera   ','Pozo','0401765706',NULL,NULL,NULL,NULL,NULL,NULL,'ACTIVO','2015-03-09 16:56:16',NULL,1,NULL,0,3,NULL,NULL,NULL,NULL,NULL,NULL,NULL,NULL,NULL),(1070,'Irene','Magali ','Huera   ','Vinueza','0401198874',NULL,NULL,NULL,NULL,NULL,NULL,'ACTIVO','2015-03-09 16:56:16',NULL,1,NULL,0,3,NULL,NULL,NULL,NULL,NULL,NULL,NULL,NULL,NULL),(1071,'Carmen','María','Huertas   ','Moreno','1000554632',NULL,NULL,NULL,NULL,NULL,NULL,'ACTIVO','2015-03-09 16:56:16',NULL,1,NULL,0,3,NULL,NULL,NULL,NULL,NULL,NULL,NULL,NULL,NULL),(1072,'Yulice','Mireya','Ibarra   ','Pantoja','0400962379',NULL,NULL,NULL,NULL,NULL,NULL,'ACTIVO','2015-03-09 16:56:16',NULL,1,NULL,0,3,NULL,NULL,NULL,NULL,NULL,NULL,NULL,NULL,NULL),(1073,'Blanca','Esperanza','Ibarra   ','Torres','0400391835',NULL,NULL,NULL,NULL,NULL,NULL,'ACTIVO','2015-03-09 16:56:16',NULL,1,NULL,0,3,NULL,NULL,NULL,NULL,NULL,NULL,NULL,NULL,NULL),(1074,'Fernando','Guillermo','Imbaquingo   ','Almeida','1718602392',NULL,NULL,NULL,NULL,NULL,NULL,'ACTIVO','2015-03-09 16:56:16',NULL,1,NULL,0,3,NULL,NULL,NULL,NULL,NULL,NULL,NULL,NULL,NULL),(1075,'Mariana De Jesús',NULL,'Ipial  ','Usuay','1714132964',NULL,NULL,NULL,NULL,NULL,NULL,'ACTIVO','2015-03-09 16:56:16',NULL,1,NULL,0,3,NULL,NULL,NULL,NULL,NULL,NULL,NULL,NULL,NULL),(1076,'Lucía','Enma','Isizán  ','Tana','0400928537',NULL,NULL,NULL,NULL,NULL,NULL,'ACTIVO','2015-03-09 16:56:16',NULL,1,NULL,0,3,NULL,NULL,NULL,NULL,NULL,NULL,NULL,NULL,NULL),(1077,'Patricia Del Rocío',NULL,'Jami  ','Ocles','1002496881',NULL,NULL,NULL,NULL,NULL,NULL,'ACTIVO','2015-03-09 16:56:16',NULL,1,NULL,0,3,NULL,NULL,NULL,NULL,NULL,NULL,NULL,NULL,NULL),(1078,'Liva','Leonela','López   ','Julio','1003720396',NULL,NULL,NULL,NULL,NULL,NULL,'ACTIVO','2015-03-09 16:56:16',NULL,1,NULL,0,3,NULL,NULL,NULL,NULL,NULL,NULL,NULL,NULL,NULL),(1079,'Rosa','Alba','López  ',NULL,'1001129376',NULL,NULL,NULL,NULL,NULL,NULL,'ACTIVO','2015-03-09 16:56:16',NULL,1,NULL,0,3,NULL,NULL,NULL,NULL,NULL,NULL,NULL,NULL,NULL),(1080,'María','Carmela','Mafla   ','Cadena','0400744793',NULL,NULL,NULL,NULL,NULL,NULL,'ACTIVO','2015-03-09 16:56:16',NULL,1,NULL,0,3,NULL,NULL,NULL,NULL,NULL,NULL,NULL,NULL,NULL),(1081,'Luz','Delfina','Malte  ',NULL,'1705185286',NULL,NULL,NULL,NULL,NULL,NULL,'ACTIVO','2015-03-09 16:56:16',NULL,1,NULL,0,3,NULL,NULL,NULL,NULL,NULL,NULL,NULL,NULL,NULL),(1082,'Arcos','Daniel','Médez  ',NULL,'0400339453',NULL,NULL,NULL,NULL,NULL,NULL,'ACTIVO','2015-03-09 16:56:16',NULL,1,NULL,0,3,NULL,NULL,NULL,NULL,NULL,NULL,NULL,NULL,NULL),(1083,'Nancy','Flor','Mejía   ','Calpa','1001918794',NULL,NULL,NULL,NULL,NULL,NULL,'ACTIVO','2015-03-09 16:56:16',NULL,1,NULL,0,3,NULL,NULL,NULL,NULL,NULL,NULL,NULL,NULL,NULL),(1084,'Maria ','Daniela','Méndez  ','Galves','0401201355',NULL,NULL,NULL,NULL,NULL,NULL,'ACTIVO','2015-03-09 16:56:16',NULL,1,NULL,0,3,NULL,NULL,NULL,NULL,NULL,NULL,NULL,NULL,NULL),(1085,'Rheny','Aralí','Monroy   ','Borja','0400920690',NULL,NULL,NULL,NULL,NULL,NULL,'ACTIVO','2015-03-09 16:56:16',NULL,1,NULL,0,3,NULL,NULL,NULL,NULL,NULL,NULL,NULL,NULL,NULL),(1086,'Rocío',NULL,'Montalvo  ','Fierro','1002296349',NULL,NULL,NULL,NULL,NULL,NULL,'ACTIVO','2015-03-09 16:56:16',NULL,1,NULL,0,3,NULL,NULL,NULL,NULL,NULL,NULL,NULL,NULL,NULL),(1087,'Clara','Isabel','Montenegro   ','Pozo','1001004132',NULL,NULL,NULL,NULL,NULL,NULL,'ACTIVO','2015-03-09 16:56:16',NULL,1,NULL,0,3,NULL,NULL,NULL,NULL,NULL,NULL,NULL,NULL,NULL),(1088,'Aida','Magola','Naranjo   ','Reyes','0400422762',NULL,NULL,NULL,NULL,NULL,NULL,'ACTIVO','2015-03-09 16:56:16',NULL,1,NULL,0,3,NULL,NULL,NULL,NULL,NULL,NULL,NULL,NULL,NULL),(1089,'Enma','Jisela','Narváez   ','Armas','0400548186',NULL,NULL,NULL,NULL,NULL,NULL,'ACTIVO','2015-03-09 16:56:16',NULL,1,NULL,0,3,NULL,NULL,NULL,NULL,NULL,NULL,NULL,NULL,NULL),(1090,'Lidia','Poema ','Narváez  ','Armas ','0400394367',NULL,NULL,NULL,NULL,NULL,NULL,'ACTIVO','2015-03-09 16:56:16',NULL,1,NULL,0,3,NULL,NULL,NULL,NULL,NULL,NULL,NULL,NULL,NULL),(1091,'María','Ana','Narvaez   ','Imbaquingo','0400153379',NULL,NULL,NULL,NULL,NULL,NULL,'ACTIVO','2015-03-09 16:56:16',NULL,1,NULL,0,3,NULL,NULL,NULL,NULL,NULL,NULL,NULL,NULL,NULL),(1092,'Luz','Angelica','Narváez   ','Monroy','0400617023',NULL,NULL,NULL,NULL,NULL,NULL,'ACTIVO','2015-03-09 16:56:16',NULL,1,NULL,0,3,NULL,NULL,NULL,NULL,NULL,NULL,NULL,NULL,NULL),(1093,'Sonia','María','Ojeda   ','Rueda','0401053798',NULL,NULL,NULL,NULL,NULL,NULL,'ACTIVO','2015-03-09 16:56:16',NULL,1,NULL,0,3,NULL,NULL,NULL,NULL,NULL,NULL,NULL,NULL,NULL),(1094,'Digna','Emérita','Ortega   ','Cadena','0400125514',NULL,NULL,NULL,NULL,NULL,NULL,'ACTIVO','2015-03-09 16:56:16',NULL,1,NULL,0,3,NULL,NULL,NULL,NULL,NULL,NULL,NULL,NULL,NULL),(1095,'Nelly','Rubí','Ortega   ','Suarez','0400715967',NULL,NULL,NULL,NULL,NULL,NULL,'ACTIVO','2015-03-09 16:56:16',NULL,1,NULL,0,3,NULL,NULL,NULL,NULL,NULL,NULL,NULL,NULL,NULL),(1096,'Maria','Olimpia ','Padilla   ','Cacuango','1000666444',NULL,NULL,NULL,NULL,NULL,NULL,'ACTIVO','2015-03-09 16:56:16',NULL,1,NULL,0,3,NULL,NULL,NULL,NULL,NULL,NULL,NULL,NULL,NULL),(1097,'Edilma',NULL,'Pantoja  ','Cidia','0400419487',NULL,NULL,NULL,NULL,NULL,NULL,'ACTIVO','2015-03-09 16:56:16',NULL,1,NULL,0,3,NULL,NULL,NULL,NULL,NULL,NULL,NULL,NULL,NULL),(1098,'Zoila','Edilma','Peralta   ','Duarte','0401076419',NULL,NULL,NULL,NULL,NULL,NULL,'ACTIVO','2015-03-09 16:56:17',NULL,1,NULL,0,3,NULL,NULL,NULL,NULL,NULL,NULL,NULL,NULL,NULL),(1099,'Ana','María','Pillajo  ',NULL,'0400270369',NULL,NULL,NULL,NULL,NULL,NULL,'ACTIVO','2015-03-09 16:56:17',NULL,1,NULL,0,3,NULL,NULL,NULL,NULL,NULL,NULL,NULL,NULL,NULL),(1100,'Patricia Del Carmen',NULL,'Pozo  ','Aguilar','0400854097',NULL,NULL,NULL,NULL,NULL,NULL,'ACTIVO','2015-03-09 16:56:17',NULL,1,NULL,0,3,NULL,NULL,NULL,NULL,NULL,NULL,NULL,NULL,NULL),(1101,'Elvia','Genoveva','Pozo   ','Armas','0400731410',NULL,NULL,NULL,NULL,NULL,NULL,'ACTIVO','2015-03-09 16:56:17',NULL,1,NULL,0,3,NULL,NULL,NULL,NULL,NULL,NULL,NULL,NULL,NULL),(1102,'Sonia','Alexandra','Pozo   ','Chandi','0401534466',NULL,NULL,NULL,NULL,NULL,NULL,'ACTIVO','2015-03-09 16:56:17',NULL,1,NULL,0,3,NULL,NULL,NULL,NULL,NULL,NULL,NULL,NULL,NULL),(1103,'Julián',NULL,'Prado  ','Miño','0400692596',NULL,NULL,NULL,NULL,NULL,NULL,'ACTIVO','2015-03-09 16:56:17',NULL,1,NULL,0,3,NULL,NULL,NULL,NULL,NULL,NULL,NULL,NULL,NULL),(1104,'Regina','Emperatríz','Puedmag    ','Chamorro','0400453742',NULL,NULL,NULL,NULL,NULL,NULL,'ACTIVO','2015-03-09 16:56:17',NULL,1,NULL,0,3,NULL,NULL,NULL,NULL,NULL,NULL,NULL,NULL,NULL),(1105,'Luz','Benigna','Puetate   ','Chiscueth','0400767729',NULL,NULL,NULL,NULL,NULL,NULL,'ACTIVO','2015-03-09 16:56:17',NULL,1,NULL,0,3,NULL,NULL,NULL,NULL,NULL,NULL,NULL,NULL,NULL),(1106,'Fanny','Elisa','Pupiales   ','Simbaña','1717764375',NULL,NULL,NULL,NULL,NULL,NULL,'ACTIVO','2015-03-09 16:56:17',NULL,1,NULL,0,3,NULL,NULL,NULL,NULL,NULL,NULL,NULL,NULL,NULL),(1107,'María','Tránsito','Quelal   ','Terán','0400535548',NULL,NULL,NULL,NULL,NULL,NULL,'ACTIVO','2015-03-09 16:56:17',NULL,1,NULL,0,3,NULL,NULL,NULL,NULL,NULL,NULL,NULL,NULL,NULL),(1108,'Elsa','Leticia','Quespáz   ','Yalama','0400912432',NULL,NULL,NULL,NULL,NULL,NULL,'ACTIVO','2015-03-09 16:56:17',NULL,1,NULL,0,3,NULL,NULL,NULL,NULL,NULL,NULL,NULL,NULL,NULL),(1109,'Florentina','Amparo','Quespaz   ','Yalamá','0401142534',NULL,NULL,NULL,NULL,NULL,NULL,'ACTIVO','2015-03-09 16:56:17',NULL,1,NULL,0,3,NULL,NULL,NULL,NULL,NULL,NULL,NULL,NULL,NULL),(1110,'Marcia','Elizabet','Quimbiurco   H','Cuasquer','1003704903',NULL,NULL,NULL,NULL,NULL,NULL,'ACTIVO','2015-03-09 16:56:17',NULL,1,NULL,0,3,NULL,NULL,NULL,NULL,NULL,NULL,NULL,NULL,NULL),(1111,'Verónica','Alexandra','Quiñones   ','Puetate','0401509427',NULL,NULL,NULL,NULL,NULL,NULL,'ACTIVO','2015-03-09 16:56:17',NULL,1,NULL,0,3,NULL,NULL,NULL,NULL,NULL,NULL,NULL,NULL,NULL),(1112,'Miriam',NULL,'Ramirez  ','Pantoja','0400579413',NULL,NULL,NULL,NULL,NULL,NULL,'ACTIVO','2015-03-09 16:56:17',NULL,1,NULL,0,3,NULL,NULL,NULL,NULL,NULL,NULL,NULL,NULL,NULL),(1113,'Fredy','Efraín','Ramirez   ','Valencia','0401403894',NULL,NULL,NULL,NULL,NULL,NULL,'ACTIVO','2015-03-09 16:56:17',NULL,1,NULL,0,3,NULL,NULL,NULL,NULL,NULL,NULL,NULL,NULL,NULL),(1114,' Isabel','Margarita','Ramos  ','Yar','1718959685',NULL,NULL,NULL,NULL,NULL,NULL,'ACTIVO','2015-03-09 16:56:17',NULL,1,NULL,0,3,NULL,NULL,NULL,NULL,NULL,NULL,NULL,NULL,NULL),(1115,'Mónica','Janeth','Reascos   ','Barahona','1003281977',NULL,NULL,NULL,NULL,NULL,NULL,'ACTIVO','2015-03-09 16:56:17',NULL,1,NULL,0,3,NULL,NULL,NULL,NULL,NULL,NULL,NULL,NULL,NULL),(1116,'Luis','Alfredo','Reinoso   ','Valencia','0401127236',NULL,NULL,NULL,NULL,NULL,NULL,'ACTIVO','2015-03-09 16:56:17',NULL,1,NULL,0,3,NULL,NULL,NULL,NULL,NULL,NULL,NULL,NULL,NULL),(1117,'Mariana De Jesús',NULL,'Reyes  ','Chacón','0400484085',NULL,NULL,NULL,NULL,NULL,NULL,'ACTIVO','2015-03-09 16:56:17',NULL,1,NULL,0,3,NULL,NULL,NULL,NULL,NULL,NULL,NULL,NULL,NULL),(1118,'Johana','Dennise','Robles   ','Mejía','1004073134',NULL,NULL,NULL,NULL,NULL,NULL,'ACTIVO','2015-03-09 16:56:17',NULL,1,NULL,0,3,NULL,NULL,NULL,NULL,NULL,NULL,NULL,NULL,NULL),(1119,'Elvia','Ana','Rosero   ','Cuasapud','0400107652',NULL,NULL,NULL,NULL,NULL,NULL,'ACTIVO','2015-03-09 16:56:17',NULL,1,NULL,0,3,NULL,NULL,NULL,NULL,NULL,NULL,NULL,NULL,NULL),(1120,'Rita','María','Rosero   ','Cuaspud','0400467817',NULL,NULL,NULL,NULL,NULL,NULL,'ACTIVO','2015-03-09 16:56:17',NULL,1,NULL,0,3,NULL,NULL,NULL,NULL,NULL,NULL,NULL,NULL,NULL),(1121,'Blanca','Elizabeth','Rosero   ','Espinoza','0400964326',NULL,NULL,NULL,NULL,NULL,NULL,'ACTIVO','2015-03-09 16:56:17',NULL,1,NULL,0,3,NULL,NULL,NULL,NULL,NULL,NULL,NULL,NULL,NULL),(1122,'Elvia','Isolina','Ruano   ','Carvajal','0400896056',NULL,NULL,NULL,NULL,NULL,NULL,'ACTIVO','2015-03-09 16:56:17',NULL,1,NULL,0,3,NULL,NULL,NULL,NULL,NULL,NULL,NULL,NULL,NULL),(1123,'Miriam','Patricia','Sanchez   ','Balseca','1708312507',NULL,NULL,NULL,NULL,NULL,NULL,'ACTIVO','2015-03-09 16:56:17',NULL,1,NULL,0,3,NULL,NULL,NULL,NULL,NULL,NULL,NULL,NULL,NULL),(1124,'Victor','Alcíbar','Sandoval   ','Padilla','1003054606',NULL,NULL,NULL,NULL,NULL,NULL,'ACTIVO','2015-03-09 16:56:17',NULL,1,NULL,0,3,NULL,NULL,NULL,NULL,NULL,NULL,NULL,NULL,NULL),(1125,'Rosa','Matilde','Sevilla   ','Montenegro','1001907490',NULL,NULL,NULL,NULL,NULL,NULL,'ACTIVO','2015-03-09 16:56:17',NULL,1,NULL,0,3,NULL,NULL,NULL,NULL,NULL,NULL,NULL,NULL,NULL),(1126,'Narcisa De Jesus',NULL,'Silva  ','Moreira','0700913296',NULL,NULL,NULL,NULL,NULL,NULL,'ACTIVO','2015-03-09 16:56:17',NULL,1,NULL,0,3,NULL,NULL,NULL,NULL,NULL,NULL,NULL,NULL,NULL),(1127,'Rosa',NULL,'Simbaña   ','Pillajo','0400688511',NULL,NULL,NULL,NULL,NULL,NULL,'ACTIVO','2015-03-09 16:56:17',NULL,1,NULL,0,3,NULL,NULL,NULL,NULL,NULL,NULL,NULL,NULL,NULL),(1128,'Évelyn','Johanna','Tapia   ','Escobar','0401450044',NULL,NULL,NULL,NULL,NULL,NULL,'ACTIVO','2015-03-09 16:56:17',NULL,1,NULL,0,3,NULL,NULL,NULL,NULL,NULL,NULL,NULL,NULL,NULL),(1129,'Fanny','Leonor','Tapia   ','Néjer','0400440574',NULL,NULL,NULL,NULL,NULL,NULL,'ACTIVO','2015-03-09 16:56:17',NULL,1,NULL,0,3,NULL,NULL,NULL,NULL,NULL,NULL,NULL,NULL,NULL),(1130,'María','Cecilia','Tarambís   ','Erazo','1001269115',NULL,NULL,NULL,NULL,NULL,NULL,'ACTIVO','2015-03-09 16:56:17',NULL,1,NULL,0,3,NULL,NULL,NULL,NULL,NULL,NULL,NULL,NULL,NULL),(1131,'María','Cecilia','Tarambís   ','Méndez','1706078050',NULL,NULL,NULL,NULL,NULL,NULL,'ACTIVO','2015-03-09 16:56:17',NULL,1,NULL,0,3,NULL,NULL,NULL,NULL,NULL,NULL,NULL,NULL,NULL),(1132,'Narcisa','Mariela','Tarambís   ','Méndez','0401248539',NULL,NULL,NULL,NULL,NULL,NULL,'ACTIVO','2015-03-09 16:56:17',NULL,1,NULL,0,3,NULL,NULL,NULL,NULL,NULL,NULL,NULL,NULL,NULL),(1133,'Vicente','Rumualdo','Tejada   ','Valencia','1712961455',NULL,NULL,NULL,NULL,NULL,NULL,'ACTIVO','2015-03-09 16:56:17',NULL,1,NULL,0,3,NULL,NULL,NULL,NULL,NULL,NULL,NULL,NULL,NULL),(1134,'Laura','Elisa','Tepú   ','GuachagMIRA','0400524104',NULL,NULL,NULL,NULL,NULL,NULL,'ACTIVO','2015-03-09 16:56:17',NULL,1,NULL,0,3,NULL,NULL,NULL,NULL,NULL,NULL,NULL,NULL,NULL),(1135,'Gloria','Sofía','Trejo   ','García','0401361597',NULL,NULL,NULL,NULL,NULL,NULL,'ACTIVO','2015-03-09 16:56:17',NULL,1,NULL,0,3,NULL,NULL,NULL,NULL,NULL,NULL,NULL,NULL,NULL),(1136,'Nelva','Lucía','Usuay   ','Rosero','1002682126',NULL,NULL,NULL,NULL,NULL,NULL,'ACTIVO','2015-03-09 16:56:17',NULL,1,NULL,0,3,NULL,NULL,NULL,NULL,NULL,NULL,NULL,NULL,NULL),(1137,'Martha','Guadalupe','Valencia   ','Chamorro','0400735767',NULL,NULL,NULL,NULL,NULL,NULL,'ACTIVO','2015-03-09 16:56:18',NULL,1,NULL,0,3,NULL,NULL,NULL,NULL,NULL,NULL,NULL,NULL,NULL),(1138,'José','Manuel','Velasco   ','Changuán','0400358750',NULL,NULL,NULL,NULL,NULL,NULL,'ACTIVO','2015-03-09 16:56:18',NULL,1,NULL,0,3,NULL,NULL,NULL,NULL,NULL,NULL,NULL,NULL,NULL),(1139,'Pastora','Noemi','Villareal    ','Cadena','1000964450',NULL,NULL,NULL,NULL,NULL,NULL,'ACTIVO','2015-03-09 16:56:18',NULL,1,NULL,0,3,NULL,NULL,NULL,NULL,NULL,NULL,NULL,NULL,NULL),(1140,'Armando','Rodrigo','Villavicecencio   ','Reyes','0400509147',NULL,NULL,NULL,NULL,NULL,NULL,'ACTIVO','2015-03-09 16:56:18',NULL,1,NULL,0,3,NULL,NULL,NULL,NULL,NULL,NULL,NULL,NULL,NULL),(1141,'Aída','Marcela','Villota   ','López','1002850145',NULL,NULL,NULL,NULL,NULL,NULL,'ACTIVO','2015-03-09 16:56:18',NULL,1,NULL,0,3,NULL,NULL,NULL,NULL,NULL,NULL,NULL,NULL,NULL),(1142,'Gladys','Esperanza','Villota   ','López','1002740122',NULL,NULL,NULL,NULL,NULL,NULL,'ACTIVO','2015-03-09 16:56:18',NULL,1,NULL,0,3,NULL,NULL,NULL,NULL,NULL,NULL,NULL,NULL,NULL),(1143,'María','Mercedes','Yalamá   ','Ibarra','1002145298',NULL,NULL,NULL,NULL,NULL,NULL,'ACTIVO','2015-03-09 16:56:18',NULL,1,NULL,0,3,NULL,NULL,NULL,NULL,NULL,NULL,NULL,NULL,NULL),(1144,'María','Luzmila','Yar  ',NULL,'1705236527',NULL,NULL,NULL,NULL,NULL,NULL,'ACTIVO','2015-03-09 16:56:18',NULL,1,NULL,0,3,NULL,NULL,NULL,NULL,NULL,NULL,NULL,NULL,NULL),(1145,'Carmen','Elizabeth','Zurita   ','Flores','0401500665',NULL,NULL,NULL,NULL,NULL,NULL,'ACTIVO','2015-03-09 16:56:18',NULL,1,NULL,0,3,NULL,NULL,NULL,NULL,NULL,NULL,NULL,NULL,NULL),(1146,'Rosario','Lucresia','Acosta   ','Lara','1000945707',NULL,NULL,NULL,NULL,NULL,NULL,'ACTIVO','2015-03-09 16:56:18',NULL,1,NULL,0,1,NULL,NULL,NULL,NULL,NULL,NULL,NULL,NULL,NULL),(1147,'Martha','Eulalia','Arboleda   ','Ruiz','1000935443',NULL,NULL,NULL,NULL,NULL,NULL,'ACTIVO','2015-03-09 16:56:18',NULL,1,NULL,0,1,NULL,NULL,NULL,NULL,NULL,NULL,NULL,NULL,NULL),(1148,'Sonia Del Pilar',NULL,'Armas  ','Armas','0401011333',NULL,NULL,NULL,NULL,NULL,NULL,'ACTIVO','2015-03-09 16:56:18',NULL,1,NULL,0,1,NULL,NULL,NULL,NULL,NULL,NULL,NULL,NULL,NULL),(1149,'Amalia','Araceli','Badillo   ','Narvaez','1711075885',NULL,NULL,NULL,NULL,NULL,NULL,'ACTIVO','2015-03-09 16:56:18',NULL,1,NULL,0,1,NULL,NULL,NULL,NULL,NULL,NULL,NULL,NULL,NULL),(1150,'Santiago','Paúl','Bastidas   ','Gordón','0401353214',NULL,NULL,NULL,NULL,NULL,NULL,'ACTIVO','2015-03-09 16:56:18',NULL,1,NULL,0,1,NULL,NULL,NULL,NULL,NULL,NULL,NULL,NULL,NULL),(1151,'Maria','Elisa','Benalcazar   ','Rosero','1000930519',NULL,NULL,NULL,NULL,NULL,NULL,'ACTIVO','2015-03-09 16:56:18',NULL,1,NULL,0,1,NULL,NULL,NULL,NULL,NULL,NULL,NULL,NULL,NULL),(1152,'Yolanda','Ismenia','Benavides   ','Vallejo','0400936654',NULL,NULL,NULL,NULL,NULL,NULL,'ACTIVO','2015-03-09 16:56:18',NULL,1,NULL,0,1,NULL,NULL,NULL,NULL,NULL,NULL,NULL,NULL,NULL),(1153,'Silvia','Patricia','Bolaños   ','Vallejo','0401293733',NULL,NULL,NULL,NULL,NULL,NULL,'ACTIVO','2015-03-09 16:56:18',NULL,1,NULL,0,1,NULL,NULL,NULL,NULL,NULL,NULL,NULL,NULL,NULL),(1154,'Elisa',NULL,'Borja  ','Lara','1001697893',NULL,NULL,NULL,NULL,NULL,NULL,'ACTIVO','2015-03-09 16:56:18',NULL,1,NULL,0,1,NULL,NULL,NULL,NULL,NULL,NULL,NULL,NULL,NULL),(1155,'Blanca','Gradiola','Bracho   ','Coro','0401082169',NULL,NULL,NULL,NULL,NULL,NULL,'ACTIVO','2015-03-09 16:56:18',NULL,1,NULL,0,1,NULL,NULL,NULL,NULL,NULL,NULL,NULL,NULL,NULL),(1156,'María','Magdalena','Bracho   ','Coro','0400211699',NULL,NULL,NULL,NULL,NULL,NULL,'ACTIVO','2015-03-09 16:56:18',NULL,1,NULL,0,1,NULL,NULL,NULL,NULL,NULL,NULL,NULL,NULL,NULL),(1157,'Verónica','Elizabeth','Estacio   ','Chauca','0401214770',NULL,NULL,NULL,NULL,NULL,NULL,'ACTIVO','2015-03-09 16:56:18',NULL,1,NULL,0,1,NULL,NULL,NULL,NULL,NULL,NULL,NULL,NULL,NULL),(1158,'María','Zoila','Farinango   ','Méndez','1000752293',NULL,NULL,NULL,NULL,NULL,NULL,'ACTIVO','2015-03-09 16:56:18',NULL,1,NULL,0,1,NULL,NULL,NULL,NULL,NULL,NULL,NULL,NULL,NULL),(1159,'Carlos','Alberto','Figueroa   ','Bajana','1307924140',NULL,NULL,NULL,NULL,NULL,NULL,'ACTIVO','2015-03-09 16:56:18',NULL,1,NULL,0,1,NULL,NULL,NULL,NULL,NULL,NULL,NULL,NULL,NULL),(1160,'Nubia','Andrea','Flores   ','Mera','0401213285',NULL,NULL,NULL,NULL,NULL,NULL,'ACTIVO','2015-03-09 16:56:18',NULL,1,NULL,0,1,NULL,NULL,NULL,NULL,NULL,NULL,NULL,NULL,NULL),(1161,' Lidia','Esperanza','Inguilan  ','Vallejo','0503145583',NULL,NULL,NULL,NULL,NULL,NULL,'ACTIVO','2015-03-09 16:56:18',NULL,1,NULL,0,1,NULL,NULL,NULL,NULL,NULL,NULL,NULL,NULL,NULL),(1162,'Eliana','Elizabeth','Lima   ','Munala','1715843650',NULL,NULL,NULL,NULL,NULL,NULL,'ACTIVO','2015-03-09 16:56:18',NULL,1,NULL,0,1,NULL,NULL,NULL,NULL,NULL,NULL,NULL,NULL,NULL),(1163,'Luís ','Anibal ','Aguilar ',NULL,'0400540068',NULL,NULL,NULL,NULL,NULL,NULL,'ACTIVO','2015-03-09 16:56:18',NULL,1,NULL,0,2,NULL,NULL,NULL,NULL,NULL,NULL,NULL,NULL,NULL),(1164,'Mónica','Guadalupe','Herrera   ','Navarrete','0400783270',NULL,NULL,NULL,NULL,NULL,NULL,'ACTIVO','2015-03-09 16:56:18',NULL,1,NULL,0,2,NULL,NULL,NULL,NULL,NULL,NULL,NULL,NULL,NULL),(1165,'Lucía','Margarita','Imbaquingo   ','Pulles','1712704418',NULL,NULL,NULL,NULL,NULL,NULL,'ACTIVO','2015-03-09 16:56:18',NULL,1,NULL,0,2,NULL,NULL,NULL,NULL,NULL,NULL,NULL,NULL,NULL),(1166,'Fausto','Elias','Lómas   ','Rosero','0400334199',NULL,NULL,NULL,NULL,NULL,NULL,'ACTIVO','2015-03-09 16:56:18',NULL,1,NULL,0,2,NULL,NULL,NULL,NULL,NULL,NULL,NULL,NULL,NULL),(1167,'Laura','Elisa','Madera   ','Reinoso','1001880226',NULL,NULL,NULL,NULL,NULL,NULL,'ACTIVO','2015-03-09 16:56:18',NULL,1,NULL,0,2,NULL,NULL,NULL,NULL,NULL,NULL,NULL,NULL,NULL),(1168,'Nelson','Armando','Males   ','Meneses','0401580071',NULL,NULL,NULL,NULL,NULL,NULL,'ACTIVO','2015-03-09 16:56:18',NULL,1,NULL,0,2,NULL,NULL,NULL,NULL,NULL,NULL,NULL,NULL,NULL),(1169,'Delia','Esmeralda','Manosalvas   ','Perez','0400980256',NULL,NULL,NULL,NULL,NULL,NULL,'ACTIVO','2015-03-09 16:56:18',NULL,1,NULL,0,2,NULL,NULL,NULL,NULL,NULL,NULL,NULL,NULL,NULL),(1170,'William','Armando','Mayanquer   ','Herembás','0407806088',NULL,NULL,NULL,NULL,NULL,NULL,'ACTIVO','2015-03-09 16:56:18',NULL,1,NULL,0,2,NULL,NULL,NULL,NULL,NULL,NULL,NULL,NULL,NULL),(1171,'Mónica','Ligia','Meneses   ','Chunchir','1712139920',NULL,NULL,NULL,NULL,NULL,NULL,'ACTIVO','2015-03-09 16:56:18',NULL,1,NULL,0,2,NULL,NULL,NULL,NULL,NULL,NULL,NULL,NULL,NULL),(1172,'Clara','Luz','Mites   ','Cangas','0401760376',NULL,NULL,NULL,NULL,NULL,NULL,'ACTIVO','2015-03-09 16:56:18',NULL,1,NULL,0,2,NULL,NULL,NULL,NULL,NULL,NULL,NULL,NULL,NULL),(1173,'Gladys','Rocio','Molina   ','Minda','0401386131',NULL,NULL,NULL,NULL,NULL,NULL,'ACTIVO','2015-03-09 16:56:18',NULL,1,NULL,0,2,NULL,NULL,NULL,NULL,NULL,NULL,NULL,NULL,NULL),(1174,'Zoila','Rosa','Molina  ',NULL,'1000816189',NULL,NULL,NULL,NULL,NULL,NULL,'ACTIVO','2015-03-09 16:56:18',NULL,1,NULL,0,2,NULL,NULL,NULL,NULL,NULL,NULL,NULL,NULL,NULL),(1175,'Leopoldina','Guadalupe','Monrroy   ','García','0401145404',NULL,NULL,NULL,NULL,NULL,NULL,'ACTIVO','2015-03-09 16:56:18',NULL,1,NULL,0,2,NULL,NULL,NULL,NULL,NULL,NULL,NULL,NULL,NULL),(1176,'Karina',NULL,'Pozo','Reina','0400576377',NULL,NULL,NULL,NULL,NULL,NULL,'ACTIVO','2015-03-09 16:56:18',NULL,1,NULL,0,2,NULL,NULL,NULL,NULL,NULL,NULL,NULL,NULL,NULL),(1177,'Mayra','Alexandra','Morillo   ','Cumba','0401585633',NULL,NULL,NULL,NULL,NULL,NULL,'ACTIVO','2015-03-09 16:56:18',NULL,1,NULL,0,2,NULL,NULL,NULL,NULL,NULL,NULL,NULL,NULL,NULL),(1178,'America','Esperanza','Muñoz  ','Esperanza','1002148227',NULL,NULL,NULL,NULL,NULL,NULL,'ACTIVO','2015-03-09 16:56:18',NULL,1,NULL,0,2,NULL,NULL,NULL,NULL,NULL,NULL,NULL,NULL,NULL),(1179,'Hilda','Rocío','Navarro   ','Chapi','0401262746',NULL,NULL,NULL,NULL,NULL,NULL,'ACTIVO','2015-03-09 16:56:19',NULL,1,NULL,0,2,NULL,NULL,NULL,NULL,NULL,NULL,NULL,NULL,NULL),(1180,'Sandra','Cecilia','Ortega   ','Guamá','0401012471',NULL,NULL,NULL,NULL,NULL,NULL,'ACTIVO','2015-03-09 16:56:19',NULL,1,NULL,0,2,NULL,NULL,NULL,NULL,NULL,NULL,NULL,NULL,NULL),(1181,'Iralda','Maricela','Ortega    ','Tanicuchi','0401615182',NULL,NULL,NULL,NULL,NULL,NULL,'ACTIVO','2015-03-09 16:56:19',NULL,1,NULL,0,2,NULL,NULL,NULL,NULL,NULL,NULL,NULL,NULL,NULL),(1182,'Alexandra','Milena ','Ortiz  ',NULL,'0401502901',NULL,NULL,NULL,NULL,NULL,NULL,'ACTIVO','2015-03-09 16:56:19',NULL,1,NULL,0,2,NULL,NULL,NULL,NULL,NULL,NULL,NULL,NULL,NULL),(1183,'Martha','Nohemi','Paguay   ','Arévalo','0400918058',NULL,NULL,NULL,NULL,NULL,NULL,'ACTIVO','2015-03-09 16:56:19',NULL,1,NULL,0,2,NULL,NULL,NULL,NULL,NULL,NULL,NULL,NULL,NULL),(1184,'Cruz','María ','Palacios   ','Mayanquer','0400806956',NULL,NULL,NULL,NULL,NULL,NULL,'ACTIVO','2015-03-09 16:56:19',NULL,1,NULL,0,2,NULL,NULL,NULL,NULL,NULL,NULL,NULL,NULL,NULL),(1185,'Janeth','Elisabeth','Palacios   ','Patiño','0401689633',NULL,NULL,NULL,NULL,NULL,NULL,'ACTIVO','2015-03-09 16:56:19',NULL,1,NULL,0,2,NULL,NULL,NULL,NULL,NULL,NULL,NULL,NULL,NULL),(1186,'Delia','Isabel ','Pantoja   ','García','0400580429',NULL,NULL,NULL,NULL,NULL,NULL,'ACTIVO','2015-03-09 16:56:19',NULL,1,NULL,0,2,NULL,NULL,NULL,NULL,NULL,NULL,NULL,NULL,NULL),(1187,'María','Zoila','Paspuezan  ',NULL,'0400765590',NULL,NULL,NULL,NULL,NULL,NULL,'ACTIVO','2015-03-09 16:56:19',NULL,1,NULL,0,2,NULL,NULL,NULL,NULL,NULL,NULL,NULL,NULL,NULL),(1188,'Laura','Elisa','Patiño   ','Benavides','0400473724',NULL,NULL,NULL,NULL,NULL,NULL,'ACTIVO','2015-03-09 16:56:19',NULL,1,NULL,0,2,NULL,NULL,NULL,NULL,NULL,NULL,NULL,NULL,NULL),(1189,'Arjenny','Zulema','Perez   ','Cazares','1003312236',NULL,NULL,NULL,NULL,NULL,NULL,'ACTIVO','2015-03-09 16:56:19',NULL,1,NULL,0,2,NULL,NULL,NULL,NULL,NULL,NULL,NULL,NULL,NULL),(1190,'Maria','Hermelinda','Perigueza  ',NULL,'0400741310',NULL,NULL,NULL,NULL,NULL,NULL,'ACTIVO','2015-03-09 16:56:19',NULL,1,NULL,0,2,NULL,NULL,NULL,NULL,NULL,NULL,NULL,NULL,NULL),(1191,'Santiago','Oswaldo','Ponce   ','Montalvo','0401684030',NULL,NULL,NULL,NULL,NULL,NULL,'ACTIVO','2015-03-09 16:56:19',NULL,1,NULL,0,2,NULL,NULL,NULL,NULL,NULL,NULL,NULL,NULL,NULL),(1192,'Olga','Maria','Pozo    ','Erazo','0400759528',NULL,NULL,NULL,NULL,NULL,NULL,'ACTIVO','2015-03-09 16:56:19',NULL,1,NULL,0,2,NULL,NULL,NULL,NULL,NULL,NULL,NULL,NULL,NULL),(1193,'Sara',NULL,'Pozo ',NULL,'0401288071',NULL,NULL,NULL,NULL,NULL,NULL,'ACTIVO','2015-03-09 16:56:19',NULL,1,NULL,0,2,NULL,NULL,NULL,NULL,NULL,NULL,NULL,NULL,NULL),(1194,'Luis','Humberto','Puentestar   ','Mayanquer','0401118724',NULL,NULL,NULL,NULL,NULL,NULL,'ACTIVO','2015-03-09 16:56:19',NULL,1,NULL,0,2,NULL,NULL,NULL,NULL,NULL,NULL,NULL,NULL,NULL),(1195,'Humberto','Elias','Puerres   ','Taimal','0400973682',NULL,NULL,NULL,NULL,NULL,NULL,'ACTIVO','2015-03-09 16:56:19',NULL,1,NULL,0,2,NULL,NULL,NULL,NULL,NULL,NULL,NULL,NULL,NULL),(1196,'Laura','Elisa','Quelal   ','Escobar','0400425401',NULL,NULL,NULL,NULL,NULL,NULL,'ACTIVO','2015-03-09 16:56:19',NULL,1,NULL,0,2,NULL,NULL,NULL,NULL,NULL,NULL,NULL,NULL,NULL),(1197,'Luz','Emilia','Quelal   ','Gonzales','0401497227',NULL,NULL,NULL,NULL,NULL,NULL,'ACTIVO','2015-03-09 16:56:19',NULL,1,NULL,0,2,NULL,NULL,NULL,NULL,NULL,NULL,NULL,NULL,NULL),(1198,'Ruby','Adriana','Quelal   ','Pozo','1003136056',NULL,NULL,NULL,NULL,NULL,NULL,'ACTIVO','2015-03-09 16:56:19',NULL,1,NULL,0,2,NULL,NULL,NULL,NULL,NULL,NULL,NULL,NULL,NULL),(1199,'Ana','Luisa','Quiroz   ','Jojoa','0400238358',NULL,NULL,NULL,NULL,NULL,NULL,'ACTIVO','2015-03-09 16:56:19',NULL,1,NULL,0,2,NULL,NULL,NULL,NULL,NULL,NULL,NULL,NULL,NULL),(1200,'Carlos',NULL,'Quistial ',NULL,'0401395199',NULL,NULL,NULL,NULL,NULL,NULL,'ACTIVO','2015-03-09 16:56:19',NULL,1,NULL,0,2,NULL,NULL,NULL,NULL,NULL,NULL,NULL,NULL,NULL),(1201,'Amparo','Guadalupe','Ramírez    ','Carvajal','0401052477',NULL,NULL,NULL,NULL,NULL,NULL,'ACTIVO','2015-03-09 16:56:19',NULL,1,NULL,0,2,NULL,NULL,NULL,NULL,NULL,NULL,NULL,NULL,NULL),(1202,'Lucio','Alejandro','Revelo   ','Hernández','0401633516',NULL,NULL,NULL,NULL,NULL,NULL,'ACTIVO','2015-03-09 16:56:19',NULL,1,NULL,0,2,NULL,NULL,NULL,NULL,NULL,NULL,NULL,NULL,NULL),(1203,'Elena',NULL,'Revelo  ','Ortiz','1002707030',NULL,NULL,NULL,NULL,NULL,NULL,'ACTIVO','2015-03-09 16:56:19',NULL,1,NULL,0,2,NULL,NULL,NULL,NULL,NULL,NULL,NULL,NULL,NULL),(1204,'Marcia','Luz','Ricaurte   ','Beltran','1003429014',NULL,NULL,NULL,NULL,NULL,NULL,'ACTIVO','2015-03-09 16:56:19',NULL,1,NULL,0,2,NULL,NULL,NULL,NULL,NULL,NULL,NULL,NULL,NULL),(1205,'Dolores','María','Romero   ','Ajila','1102693825',NULL,NULL,NULL,NULL,NULL,NULL,'ACTIVO','2015-03-09 16:56:19',NULL,1,NULL,0,2,NULL,NULL,NULL,NULL,NULL,NULL,NULL,NULL,NULL),(1206,'Magola',NULL,'Rosero   ','Chuga','0401251319',NULL,NULL,NULL,NULL,NULL,NULL,'ACTIVO','2015-03-09 16:56:19',NULL,1,NULL,0,2,NULL,NULL,NULL,NULL,NULL,NULL,NULL,NULL,NULL),(1207,'José','Antonio','Rosero  ',NULL,'0400594404',NULL,NULL,NULL,NULL,NULL,NULL,'ACTIVO','2015-03-09 16:56:19',NULL,1,NULL,0,2,NULL,NULL,NULL,NULL,NULL,NULL,NULL,NULL,NULL),(1208,'Mery','Jaqueline ','Ruano   ','Quelal','0400932901',NULL,NULL,NULL,NULL,NULL,NULL,'ACTIVO','2015-03-09 16:56:19',NULL,1,NULL,0,2,NULL,NULL,NULL,NULL,NULL,NULL,NULL,NULL,NULL),(1209,'Jorge','Anibal','Ruano   ','Salcedo','0400106878',NULL,NULL,NULL,NULL,NULL,NULL,'ACTIVO','2015-03-09 16:56:19',NULL,1,NULL,0,2,NULL,NULL,NULL,NULL,NULL,NULL,NULL,NULL,NULL),(1210,'Silvia','Mariana De Jesus ','Sanchez   ','Rosero','0400755070',NULL,NULL,NULL,NULL,NULL,NULL,'ACTIVO','2015-03-09 16:56:19',NULL,1,NULL,0,2,NULL,NULL,NULL,NULL,NULL,NULL,NULL,NULL,NULL),(1211,'Betty','Marianela','Taimal   ','Almeida','0401383799',NULL,NULL,NULL,NULL,NULL,NULL,'ACTIVO','2015-03-09 16:56:19',NULL,1,NULL,0,2,NULL,NULL,NULL,NULL,NULL,NULL,NULL,NULL,NULL),(1212,'Martha','Lucia','Taimal   ','Zambrano','0401297262',NULL,NULL,NULL,NULL,NULL,NULL,'ACTIVO','2015-03-09 16:56:19',NULL,1,NULL,0,2,NULL,NULL,NULL,NULL,NULL,NULL,NULL,NULL,NULL),(1213,'Aura','Cecilia','Tanicuchi   ','Guevara','1707164289',NULL,NULL,NULL,NULL,NULL,NULL,'ACTIVO','2015-03-09 16:56:19',NULL,1,NULL,0,2,NULL,NULL,NULL,NULL,NULL,NULL,NULL,NULL,NULL),(1214,'Paz','Victoria ','Paez  ','Nenger','1003242193',NULL,NULL,NULL,NULL,NULL,NULL,'ACTIVO','2015-03-09 16:56:19',NULL,1,NULL,0,2,NULL,NULL,NULL,NULL,NULL,NULL,NULL,NULL,NULL),(1215,'Xavier',NULL,'Tarupi    ','Paguay','0401554985',NULL,NULL,NULL,NULL,NULL,NULL,'ACTIVO','2015-03-09 16:56:19',NULL,1,NULL,0,2,NULL,NULL,NULL,NULL,NULL,NULL,NULL,NULL,NULL),(1216,'María','Silvia','Tetamuez   ','Prado','0401002001',NULL,NULL,NULL,NULL,NULL,NULL,'ACTIVO','2015-03-09 16:56:19',NULL,1,NULL,0,2,NULL,NULL,NULL,NULL,NULL,NULL,NULL,NULL,NULL),(1217,'Rosa','Matilde','Torres  ',NULL,'0400199915',NULL,NULL,NULL,NULL,NULL,NULL,'ACTIVO','2015-03-09 16:56:20',NULL,1,NULL,0,2,NULL,NULL,NULL,NULL,NULL,NULL,NULL,NULL,NULL),(1218,' Zulma','Deidamia','Trejo  ','Castillo','0401034307',NULL,NULL,NULL,NULL,NULL,NULL,'ACTIVO','2015-03-09 16:56:20',NULL,1,NULL,0,2,NULL,NULL,NULL,NULL,NULL,NULL,NULL,NULL,NULL),(1219,'Doris','Tatiana','Tulcanaza    ','MIRA','0401435433',NULL,NULL,NULL,NULL,NULL,NULL,'ACTIVO','2015-03-09 16:56:20',NULL,1,NULL,0,2,NULL,NULL,NULL,NULL,NULL,NULL,NULL,NULL,NULL),(1220,'Elsa','Lucila','Urresta   ','Gonzales','0401122973',NULL,NULL,NULL,NULL,NULL,NULL,'ACTIVO','2015-03-09 16:56:20',NULL,1,NULL,0,2,NULL,NULL,NULL,NULL,NULL,NULL,NULL,NULL,NULL),(1221,'Edith','Esperanza','Urresta    ','Gonzalez','0401606587',NULL,NULL,NULL,NULL,NULL,NULL,'ACTIVO','2015-03-09 16:56:20',NULL,1,NULL,0,2,NULL,NULL,NULL,NULL,NULL,NULL,NULL,NULL,NULL),(1222,'María','Digna ','Uvidia   ','Enriquez','0400904256',NULL,NULL,NULL,NULL,NULL,NULL,'ACTIVO','2015-03-09 16:56:20',NULL,1,NULL,0,2,NULL,NULL,NULL,NULL,NULL,NULL,NULL,NULL,NULL),(1223,' Carmen','Elizabeth','Valencia   ','Delgado','1717462384',NULL,NULL,NULL,NULL,NULL,NULL,'ACTIVO','2015-03-09 16:56:20',NULL,1,NULL,0,2,NULL,NULL,NULL,NULL,NULL,NULL,NULL,NULL,NULL),(1224,'Carmen',' Genoveva','Valencia   Genoveva ','Mayanquer','0400342747',NULL,NULL,NULL,NULL,NULL,NULL,'ACTIVO','2015-03-09 16:56:20',NULL,1,NULL,0,2,NULL,NULL,NULL,NULL,NULL,NULL,NULL,NULL,NULL),(1225,'Edgar','Fabian','Valencia    ','Mayanquer','0400788733',NULL,NULL,NULL,NULL,NULL,NULL,'ACTIVO','2015-03-09 16:56:20',NULL,1,NULL,0,2,NULL,NULL,NULL,NULL,NULL,NULL,NULL,NULL,NULL),(1226,'Hector','Anibal','Valle   ','Morocho','1000955748',NULL,NULL,NULL,NULL,NULL,NULL,'ACTIVO','2015-03-09 16:56:20',NULL,1,NULL,0,2,NULL,NULL,NULL,NULL,NULL,NULL,NULL,NULL,NULL),(1227,'Wilma',' Janneth','Villafuerte  ','Cando','1803137429',NULL,NULL,NULL,NULL,NULL,NULL,'ACTIVO','2015-03-09 16:56:20',NULL,1,NULL,0,2,NULL,NULL,NULL,NULL,NULL,NULL,NULL,NULL,NULL),(1228,'Carmen','Dioselina','Villarreal   ','Meneses','0401294251',NULL,NULL,NULL,NULL,NULL,NULL,'ACTIVO','2015-03-09 16:56:20',NULL,1,NULL,0,2,NULL,NULL,NULL,NULL,NULL,NULL,NULL,NULL,NULL),(1229,'Melchor ',NULL,'Villota  ','Salazar','0400102448',NULL,NULL,NULL,NULL,NULL,NULL,'ACTIVO','2015-03-09 16:56:20',NULL,1,NULL,0,2,NULL,NULL,NULL,NULL,NULL,NULL,NULL,NULL,NULL),(1230,'Fabiola',NULL,'Vinueza ',NULL,'0400794822',NULL,NULL,NULL,NULL,NULL,NULL,'ACTIVO','2015-03-09 16:56:20',NULL,1,NULL,0,2,NULL,NULL,NULL,NULL,NULL,NULL,NULL,NULL,NULL),(1231,'Pablo','César','Vinueza   ','Mayanquer','1003064860',NULL,NULL,NULL,NULL,NULL,NULL,'ACTIVO','2015-03-09 16:56:20',NULL,1,NULL,0,2,NULL,NULL,NULL,NULL,NULL,NULL,NULL,NULL,NULL),(1232,'Libia',NULL,'Vinueza  ','Pizanan','0400797346',NULL,NULL,NULL,NULL,NULL,NULL,'ACTIVO','2015-03-09 16:56:20',NULL,1,NULL,0,2,NULL,NULL,NULL,NULL,NULL,NULL,NULL,NULL,NULL),(1233,'Patricio','Abraham','Vinueza   ','Pulles','0400516191',NULL,NULL,NULL,NULL,NULL,NULL,'ACTIVO','2015-03-09 16:56:20',NULL,1,NULL,0,2,NULL,NULL,NULL,NULL,NULL,NULL,NULL,NULL,NULL),(1234,' Andres','Patricio ','Yalama  ','Yandún','0401531322',NULL,NULL,NULL,NULL,NULL,NULL,'ACTIVO','2015-03-09 16:56:20',NULL,1,NULL,0,2,NULL,NULL,NULL,NULL,NULL,NULL,NULL,NULL,NULL),(1235,'Lina','Amada','Yandún    ','Enríquez','0400982575',NULL,NULL,NULL,NULL,NULL,NULL,'ACTIVO','2015-03-09 16:56:20',NULL,1,NULL,0,2,NULL,NULL,NULL,NULL,NULL,NULL,NULL,NULL,NULL),(1236,'Aida','Andrea','Yandún   ','Vinueza','0401875893',NULL,NULL,NULL,NULL,NULL,NULL,'ACTIVO','2015-03-09 16:56:20',NULL,1,NULL,0,2,NULL,NULL,NULL,NULL,NULL,NULL,NULL,NULL,NULL),(1237,'Segundo','Alfonso','Yaruscuan   ','Cuastumal','0401064951',NULL,NULL,NULL,NULL,NULL,NULL,'ACTIVO','2015-03-09 16:56:20',NULL,1,NULL,0,2,NULL,NULL,NULL,NULL,NULL,NULL,NULL,NULL,NULL),(1238,'Rosa','Elena','Yaselga    ','Cachiguango','0400850871',NULL,NULL,NULL,NULL,NULL,NULL,'ACTIVO','2015-03-09 16:56:20',NULL,1,NULL,0,2,NULL,NULL,NULL,NULL,NULL,NULL,NULL,NULL,NULL),(1239,'Luis','Alvaro','España   ','Enriquez','0401618491',NULL,NULL,NULL,NULL,NULL,NULL,'ACTIVO','2015-03-09 16:56:20',NULL,1,NULL,0,2,NULL,NULL,NULL,NULL,NULL,NULL,NULL,NULL,NULL);
